nom,prix,vendeur,note,categorie
"JBL Casque 570BT Tune sans fil Bluetooth, autonomie 40h",679.0,GB Store,4.7,gaming
"Console de jeu vidéo sans fil, écran HD 4K 64Gb HDMI avec 10000 jeux + 2 Manettes",339.0,MayarShop.Com,3.6,gaming
"Console de jeu vidéo sans fil, écran HD 4K 64Gb HDMI avec 10000 jeux + 2 Manettes",339.0,MayarShop.Com,4.2,gaming
Philips Casque sans fil Supra aural TAH4205BK Bluetooth 32 mm driver,499.0,GB Store,5.0,gaming
mifoy M10 Souris Filaire Optique USB Effet Lumineuse RGB E-sport pour Ordinateur,29.0,MayarShop.Com,3.8,gaming
"Console de jeu vidéo Retro sans fil, écran HD 4K 64Gb HDMI avec +10000 jeux et 2 Manettes",299.0,boutique ILHAM,2.0,gaming
"MK-X60 Clavier Gamer mécanique BLUE SWITCH, 87 touches, rétro-éclairage RGB",239.0,MayarShop.Com,4.4,gaming
"Console de jeu vidéo sans fil, écran HD 4K 64Gb HDMI avec 10000 jeux + 2 Manettes",310.0,CasaGadget,4.5,gaming
Data Frog 4K HD Video Game Console 2.4G Double Wireless Controller For PS1/FC/GBA 10000 Games Stick,350.0,ELECTRO . MEED,3.8,gaming
Pack Combo Gaming Clavier + Souris 7D USB RGB,149.0,MayarShop.Com,3.9,gaming
"Console de jeu vidéo sans fil, écran HD 4K 64Gb HDMI avec 10000 jeux + 2 Manettes",399.0,Xiaomi Store,4.2,gaming
mifoy GM100 Souris de jeu gamer PRO RGB Capteur Optique 1200 à 3200 DPI LED 6 boutons,105.0,MayarShop.Com,4.3,gaming
"Console de jeu vidéo sans fil, Retro avec 10000 jeux des années 80 et 90 + 2 Manettes",346.0,Tafilalet Store,3.8,gaming
Onikuma K20 Casque gaming RGB Stéréo LED pour PC PS4 XBOX ONE MILITAIRE,229.0,WINTECH,4.0,gaming
Royal JR 67 Souris de jeu a fil gaming Pro RGB LED 6400 Dpi Shifting 7boutons,99.0,MayarShop.Com,4.0,gaming
Data Frog 64G 4K HD Console de jeu vidéo 2.4G Double contrôleur sans fil pour PS1/FC/GBA 10000 jeux Stick,399.0,ELECTRO . MEED,1.0,gaming
3200 DPI réglables et 7D LED Optique Souris de jeu filaire USB pour Gamer PC,69.0,MayarShop.Com,4.3,gaming
"Casque Gamer Headset Gaming G9000 Lumière LED 3,5 mm Pour Telephone PS4 PC XBOX",169.0,Mura,3.9,gaming
"Casque de jeu filaire avec micro 3.5MM stéréo pour PC, PS4, PS3, XBOX, XBOX ONE",69.0,AK Group,3.6,gaming
"Jedel Casque Gamer RGB 7.1 Stereo True Noise Cancellation 50 mm,PS4,PC,Xbox Sticker",119.0,amity-1,3.3,gaming
"JBL Casque 570BT Tune sans fil Bluetooth, autonomie 40h",759.0,Mega Zone,5.0,gaming
Jedel Clavier Silencieux RGB  gamer ergonomique rétroéclairés 104 touches multimédias K510 RGB sticker,99.0,GeekOut,4.4,gaming
"Jedel Clavier mécanique Gamer RED Switch,RGB LED Backlit Lighting 10 Modes+Sticker",289.0,amity-1,4.2,gaming
"Jedel Clavier Mécanique KL-95 à lumière mixte, avec effet de lumière RGB personnalisé",206.0,MayarShop.Com,4.4,gaming
"Casque de jeu filaire avec mic 3.5MM pour PS4, PC, PS3, XBOX",79.0,ELBAKKALI TECH,3.9,gaming
"Casque Gamer Flexible Lumière LED, USB avec Micro - Pour PC, PS3, PS4, XBOX - Haute Qualité",145.0,Mura,4.0,gaming
"Jedel Clavier mécanique Gamer Green Switch,RGB LED Backlit Lighting 12 Modes+Sticker",289.0,amity-1,4.2,gaming
iboga Souris Gamer sans fil rechargeable ultra-légère Commandes DPI Câble USB de type C inclus,119.0,IBOGA Maroc,3.2,gaming
Jedel Pack Combo Gaming Clavier + Souris USB Filaire RGB Backlighting effect,125.0,MayarShop.Com,3.9,gaming
Redragon K617 FiZz Black Red Switch,479.0,Gadget Gaming,5.0,gaming
manette pc filaire usb pour bureau PC gaming - Fonction vibration Gamepad Warrior Manette,58.0,bizzar,3.1,gaming
mifoy Pack Combo Clavier Gaming + Souris USB M10 RGB Backlighting effect pour PC,125.0,MayarShop.Com,3.8,gaming
Pack de jeu mobile 4 en 1 convertisseur Bluetooth plus clavier et souris pour smartphone,350.0,MayarShop.Com,3.7,gaming
R8 Souris gamer 7 Buttons 7200 DPI elegante gaming mouse,119.0,GeekOut,4.5,gaming
Imice X5 Gaming Mouse RGB Backlit USB Wired Mouse Souris,139.0,Waffir.Ma,5.0,gaming
"Casque de Gaming pour PS4 PS5 PC, écouteurs filaires avec micro stéréo",69.0,AK ViP,3.5,gaming
WKUK Grande Tapis de souris gamer gaming mousepad BLUE,49.0,BESTLIFE,4.0,gaming
Xtrike Souris gamer backlit  Programmable Gaming mouse RGB 7 Buttons 7200 DPI GM-215,118.9,GeekOut,2.3,gaming
Royal Souris gaming E-Sport RGB  Mouse Jr70,115.0,MANDA,1.0,gaming
Onikuma Pack 2 in 1 gaming casque k19 + souris CW 903,299.0,PEDRO TECHNOLOGY,5.0,gaming
Logitech G305 Lightspeed Wireless Gaming Mouse Souris - 12000 dpi - 6 boutons (Noir),530.0,Store net shop,4.0,gaming
"Casque Gamer Gaming pour Ordinateur PC Portable, LED, Cable USB + double Jack",165.0,Mura,4.5,gaming
GAMING  MOUSE,94.0,LIQUIDATION-SHOP,4.1,gaming
"Casque de jeu filaire avec mic 3.5MM pour PS4, PC, PS3, XBOX",79.0,OKEYA,3.9,gaming
Jedel Souris Gamer filaire Honeycomb rétroéclairage RGB et 1600 DPI réglables ergonomique légère sticker,59.0,GeekOut,3.8,gaming
Kingston Hyperx Cloud II 2 Original - Casque Gaming,1090.0,Gaming HighTech,5.0,gaming
Logitech Souris Gaming G502,599.0,Store net shop,5.0,gaming
pretty by flormar Mascara Sourcils Pretty Light 001,19.0,Jumia,3.5,cosmetic
pretty by flormar Crayon Sourcils 401 Blond,12.0,Jumia,3.5,cosmetic
Maybelline New York Pack – SUPERSTAY VINYL Ink Gloss sans transfert longue durée 120 Punchy+ Mascara Sky High,138.0,Jumia,4.5,cosmetic
Maybelline New York Pack – SUPERSTAY VINYL Ink Gloss sans transfert longue durée 100 Charmed+ Mascara Sky High,126.0,Jumia,4.5,cosmetic
Maybelline Pack – SUPERSTAY VINYL Ink Gloss sans transfert longue durée 20 Coy + Mascara Sky High,126.0,Jumia,4.7,cosmetic
Maybelline Pack – SUPERSTAY VINYL Ink Gloss sans transfert longue durée 40 Witty + Mascara Sky High,126.0,Jumia,5.0,cosmetic
Maybelline New York Tattoo Brow 3 Day Gel - Medium Brown 5g,57.0,Jumia,3.5,cosmetic
Maybelline New York Pack – SUPERSTAY VINYL Ink Gloss sans transfert longue durée 105 Golden + Mascara Sky High,126.0,Jumia,4.3,cosmetic
Maybelline New York Pack – SUPERSTAY VINYL Ink Gloss sans transfert longue durée 30 Unrivaled+ Mascara Sky High,126.0,Jumia,4.5,cosmetic
Maybelline New York Tattoo Brow 3 Day Gel - Deep Brown 5g,56.0,Jumia,3.8,cosmetic
Maybelline New York Pack – SUPERSTAY VINYL Ink Gloss sans transfert longue durée 45 Capricious+ Mascara Sky High,129.0,Jumia,5.0,cosmetic
Flormar Brow Pomade -dark Brown,89.0,Flormar Maroc,4.8,cosmetic
pretty by flormar Pack Mascara+ Eyeliner+ Fard à paupière+ Crayon sourcil + 2 échantillons offerts,69.0,Pretty by Flormar,3.4,cosmetic
pretty by flormar Pack Eyeshadow - 6 Fards à paupières mono,59.0,Pretty by Flormar,4.3,cosmetic
pretty by flormar Pack Smoky Glam - Palette fards à paupières + Rouge à lèvres + Vernis +Eyeliner,205.0,Pretty by Flormar,4.0,cosmetic
Stickers avec un ensemble 5 petit pinceaux de maquillage professionnel,45.0,Dolce vita,4.0,cosmetic
pretty by flormar Coffret Full Make-up TEINT MEDIUM,450.0,Pretty by Flormar,3.4,cosmetic
pretty by flormar Coffret Full Make-up TEINT MAT,450.0,Pretty by Flormar,4.3,cosmetic
pretty by flormar Pack spécial journée de la femme- JOYFUL,277.0,Pretty by Flormar,4.0,cosmetic
pretty by flormar Pack Mascara+ Eyeliner+ Fard à paupières+ Crayon sourcil+ 2 échantillons offerts,69.0,Pretty by Flormar,4.0,cosmetic
Revolution Pack Relove by Revolution everyday Empower,117.0,Best Beauty,4.5,cosmetic
Flormar Eyebrow Fixator Mascara-colorless-classic,99.0,Flormar Maroc,4.0,cosmetic
"Miroir de maquillage en bois massif, miroir de bureau avec support",29.0,Lovely Things,3.0,cosmetic
pretty by flormar Pack spécial journée de la femme-Golden beige,263.0,Pretty by Flormar,3.0,cosmetic
BROW Gel pour sourcil naturel Savon a sourcils - Brow Gel avec brosse,46.0,MANDA,3.2,cosmetic
"Kit de lampe, lentille, lampe de maquillage, bricolage, 10 pièces/ensemble Ampoules LED pour",76.0,fhd,3.6,cosmetic
Set de 13 pinceaux visage et yeux,89.0,AY Shop,3.0,cosmetic
"Sac de maquillage Portable de grande capacité, sac à cosmétiques de voyage en cuir",89.0,ALPHASTORE,4.0,cosmetic
"Sac à cosmétiques de voyage en cuir PU pour femme, Trousse de Toilette Portable",89.0,ALPHASTORE,5.0,cosmetic
Flormar Eyebrow Liner -medium Brown,69.0,Flormar Maroc,3.5,cosmetic
Ensemble de pinceaux de maquillage doux pour femmes,95.0,ms.store,5.0,cosmetic
Maybelline New York Tattoo Brow 3 Day Gel - Chocolate Brown 5g,81.0,Jumia,3.2,cosmetic
"Miroir  de maquillage pliant avec grossissement, Forme ronde, Double face",45.0,Big HmiZat,4.7,cosmetic
Flormar Ultra Thin Brow Pencil -dark Brown,89.0,Flormar Maroc,4.0,cosmetic
Catrice Duo Eyebrow Defining Brush,35.0,Beauty Distribution,5.0,cosmetic
Catrice Crayon A Sourcils Stylist 015,29.0,Beauty Distribution,3.8,cosmetic
Kit de 13 pinceaux de Maquillage,62.0,FATOUH,1.0,cosmetic
Dodo Girl Palette 12 colors matte eyeshadow makeup professional dodo girl-03,45.0,SUPER STAY,1.0,cosmetic
BROW Stamp pour sourcil naturel Tampon a sourcils - Brow Stamp avec Pochoirs,58.99,center shop now,3.3,cosmetic
pretty by flormar Pack fêtes et paillettes : 4 fards à paupières mono,79.0,Pretty by Flormar,1.7,cosmetic
pretty by flormar Pack spécial journée de la femme-Golden Neutral,263.0,Pretty by Flormar,3.0,cosmetic
"Color Kit de pochoir pour sourcils Kit de mise en forme de sourcils,marron foncé",55.99,آشتري ٱلأن,3.7,cosmetic
Bys Palette pour Visage Dreamgasm 6 Eyeshadow highlighters Blush Sans Paraben,115.0,Zurili Market,4.7,cosmetic
Miroir de Maquillage rectangulaire en bois miroir de bureau rotatif Miroir de table,69.0,Lovely Things,5.0,cosmetic
Catrice Crayon Sourcils  Stylist 035,29.0,Beauty Distribution,4.4,cosmetic
10 Lampes Led Miroir Maquillage Hollywood,84.0,fhd,3.9,cosmetic
"Sac de rangement de toilette pour voyage pour femmes, sac cosmétique imperméable en pvc",139.0,Agro shop,5.0,cosmetic
"Sac de rangement de maquillage cosmétique, sac de rangement de voyage",69.0,Agro shop,3.9,cosmetic
Handmade pack de 3 trousses,65.0,Agro shop,4.0,cosmetic
Flormar Tinted Brow Gel- Dark Brown,109.0,Flormar Maroc,4.0,cosmetic
"Palette de maquillage, extra kit 23 Couleurs",69.0,rada,4.3,cosmetic
"Kit de lumières LED pour miroir, 10 ampoules de miroir de style hollywoodien",95.0,super New,4.6,cosmetic
Flormar Eyebrow Design Kit-dark,169.0,Flormar Maroc,2.0,cosmetic
Flormar Eyebrow Shadow-beige,59.0,Flormar Maroc,5.0,cosmetic
AMAZONA Crayon à Sourcils Noir 4-tête de Précision Imperméable Longue Durée,34.95,Amazona,4.0,cosmetic
Portefeuille en simili cuir pour hommes,69.95,JELLYFISH,4.3,cosmetic
"J pro cream, Crème de tatouage 10 g",129.0,safori,4.2,cosmetic
"Sac de maquillage Portable de grande capacité, sac à cosmétiques de voyage en cuir",79.0,BasicBeauty,4.8,cosmetic
"Trousse à Maquillage Ranger Articles, Bijoux, Organisateur Cosmétique",49.0,biyofer,3.7,cosmetic
Real Techniques Foundation Brush,79.0,Best Beauty,5.0,cosmetic
Miroir De Maquillage en acier inoxydable double face,33.92,BIONIRE,3.9,cosmetic
Revolution Brow Fixer,85.0,Best Beauty,1.0,cosmetic
"Trousse à Maquillage Ranger Articles, Bijoux, Organisateur Cosmétique",47.0,Shopineet,3.3,cosmetic
3 Pièces Trousse Maquillage Transparente,149.0,ADZA,5.0,cosmetic
2 Pcs Trousse de Maquillage Transparent (Moyen),59.34,JELLYFISH,5.0,cosmetic
LED Vanity Mirror Lights Kit For Makeup Dressing Table,139.65,آشتري ٱلأن,5.0,cosmetic
Miroir de Maquillage rectangulaire Rotatif avec Support en Bois Debout Libre,69.0,Big HmiZat,5.0,cosmetic
Lot de 7 trousses de toilette en plastique transparent,99.0,SACADIL,4.4,cosmetic
Crayon 3D Microblading Waterproof Sourcils avec Pointes Stylo Tatouage,32.3,mega-express,3.3,cosmetic
Revolution Relove Colour Cult Brow Palette Dark,45.0,Best Beauty,5.0,cosmetic
Revolution Influencer Overnight Master Class Eyeshadow Book 1,175.0,Glow UP,5.0,cosmetic
Technic 15 Pressed Pigments - Venus Rising,79.0,Best Beauty,5.0,cosmetic
Flormar Tinted Brow Gel- Beige,109.0,Flormar Maroc,5.0,cosmetic
Meidu Peinture pour Visage - 6 Couleur pour le visage et le Corp - Peinture fête Halloween + pinceau,29.0,Papeterie lawazim office,3.9,cosmetic
Any Lady Palette professionnel de 36 couleurs avec brillant 4 en 1 de 48g,75.0,Dolce vita,5.0,cosmetic
"Miroir de Maquillage 3 Modes d'Éclairage, Écran Tactile, Rechargeable, Accessoire pour Cosmétiques",85.0,Hispano store,3.0,cosmetic
Lot de 3 pinceaux de maquillage fond de teint et fard a joue professionnelle,79.0,LAND BEAUTY,3.0,cosmetic
Handmade Pack 3 trousses de maquillage rose,55.0,Lila Delune,4.1,cosmetic
Flormar Tinted Brow Gel-light Brown,109.0,Flormar Maroc,4.0,cosmetic
Pack 3 trousses de maquillage grise,55.0,Lila Delune,4.1,cosmetic
4 pièces Motif Lot de pinceaux de maquillage Fond teint Blush poudre multicolor,47.99,super mercado,3.0,cosmetic
Golden Rose Poudre Gr Pour Les Sourcils N°101,49.0,Beauty Distribution,3.3,cosmetic
Bh Cosmetic 13 piéces de pinceaux à maquillage & 1 piéce sac de rangement,90.0,NADISHOP,4.0,cosmetic
Ensemble de 5 pinceaux de maquillage légers pour femmes et filles,29.0,آشتري ٱلأن,4.0,cosmetic
Revolution Brow Pomade Dark Brown,54.0,Keberni shop,3.5,cosmetic
Flormar Coffret- 2 Ultra eyeliners + fard à sourcils,89.0,Flormar Maroc,5.0,cosmetic
Flormar Brow Up Highlgter Pencil-chmpagne,119.0,Flormar Maroc,5.0,cosmetic
Rude Cosmetics The Rude Awakening - 35 Eyeshadow Palette,169.0,Best Beauty,3.5,cosmetic
Organisateur Acrylique De Maquillage et Bijoux Avec 3 Tiroirs avec Miroir,137.0,market place vip,5.0,cosmetic
Survêtement Sweatshirt à capuche Unisexe Ensemble 2 Pièces - Gris,129.0,ZIKO MODE,3.1,vetement
Survêtement 2 Pièces Ensemble Jogging Tracksuit Hoodies Hommes - GRIS,125.0,Ma Bella,3.4,vetement
Survêtement gris sweatacapcuhe/pantalon simple unisex femme/homme haute qualité,179.0,FASHIONINOS,1.0,vetement
Koton T-shirt femme - Noir,79.0,Koton,4.2,vetement
Ensemble 2 Pièces UNISEXE Pantalon et pull Sweat Tracksuit - Gris Noir,129.0,ZIKO MODE,3.7,vetement
BENYAHYA STORE Ensemble Short + T-shirt (2Pcs) One Piece Teshirt Wanted Luffy Cosplay Tshirt Anime Manga otaku,170.0,BENYAHYA-STORE,4.3,vetement
ENSEMBLE 13 2PIECES SWEAT A CAPUCHE/PANTALON NOIR UNISEX ORIGINAL HAUTE QUALITE,175.0,la qualité européenne,3.0,vetement
Ensemble 2 Pièces UNISEXE Pantalon et pull Sweat Tracksuit - Gris Clair,123.0,ZIKO MODE,3.7,vetement
Survêtement Homme,239.0,PRESTIGIA FASHION,3.0,vetement
"organisateur pour porte d'entrée, Porte-chaussures meuble de rangement sur pied",59.0,آشتري ٱلأن,3.4,vetement
Nike Leeging Fille G Nsw Favorites Swsh - Noir,142.0,Hudson Morocco,4.2,vetement
Survêtements Simple sportif demi-saison – Bleu Noir,199.0,KM SOLDE,4.0,vetement
Dice pack de 5 slips pour femme,79.0,Dice Maroc,4.4,vetement
Survêtements Simple sportif demi-saison – Bleu,179.0,KM SOLDE,1.0,vetement
Survêtement Homme,239.0,PRESTIGIA FASHION,3.3,vetement
Survetement  bleu noire,160.0,black friday shop,3.0,vetement
ENSEMBLE 2PIECES SWEATACAPUCHE/PANTALON NOIR MUSIC ON WORLD OFF UNISEX ORIGINAL,175.0,la qualité européenne,1.0,vetement
Porte-chaussures en bois,156.0,BRICO SMART,4.0,vetement
ENSEMBLE ANIME ONEPIECE 2PIECES SWEATSHIRT/PANTALON NOIR UNISEX ORIGINAL,175.0,la qualité européenne,4.0,vetement
"Ceinture Corset , Gaine Amincissante Réglable Serre-Taille 3M حزام شد البطن",57.0,marina market,3.4,vetement
Survêtement Homme,219.0,MYBOUTIQUE.MA,2.0,vetement
Nike survêtement  Sportswear Club Fleece bleu,1350.0,vetementS & chaussures,5.0,vetement
ENSEMBLE ANIME ONEPIECE  2PIECES SWEAT A CAPUCHE/PANTALON NOIR UNISEX ORIGINAL,175.0,la qualité européenne,2.0,vetement
Survêtement  du sport sweatshirt/pantalon noir femme/homme haute qualité,159.0,top-clothing,2.0,vetement
Éliminateur de charpie anti peluches électrique haute qualité pour vêtements,61.5,fhd,4.0,vetement
Koton Chemise À Manches Longues Femme - Beige,119.0,Koton,4.3,vetement
Ensemble tshirt/short simple noir femme/homme haute qualité original,99.0,theclothingstore,5.0,vetement
Dice Pack de 3 Boxer,119.0,Dice Maroc,4.2,vetement
ENSEMBLE ANIME ONEPIECE LAW SHUMBLES SWEATSHIRT/PANTALON NOIR UNISEX ORIGINAL,175.0,la qualité européenne,1.0,vetement
ENSEMBLE 2 PIECES HODDIE+PANTALON NOIR UNISEX ORIGINAL HAUTE QUALITE 2023,175.0,Star market,3.5,vetement
"Rasoir de Peluches ,Appareil Anti Bouloche Électrique pour Vêtements",61.7,FODEN SHOP,4.2,vetement
survêtement Bleu,195.0,FXF,1.0,vetement
Nike leggings pour fille lifestyle FUTURA,200.0,Hudson Morocco,5.0,vetement
ensemble survêtement homme,175.0,black friday shop,1.0,vetement
4-PACK - Débardeur Noir,99.0,Weetech.ma,4.5,vetement
"Porte cintres de vêtements mobile avec roues, Porte-vêtements & chaussure double",139.0,TORNADO,5.0,vetement
Meuble Rangement Chaussures MODULABLE EMPILABLE - 30 Paires / 10-Étages,199.0,MAJDGYM,4.2,vetement
Porte-vêtements meuble d'entrée et étagère à chaussures en métal à 4 niveaux,139.0,Citybayti90,3.3,vetement
Ikea Pack de 20 cintres noirs,139.0,fidelshop,4.0,vetement
Dice boxers pour homme,95.2,Dice Maroc,4.2,vetement
Dice 3  Cotton Underwear pour femme (noir-blanc-rose),69.0,Dice Maroc,4.1,vetement
Lot de 12 sacs de rangement sous vide géants avec pompe de 4 tailles réutisable,188.0,Dolce vita,4.7,vetement
Pack 2 Cintre pantalons magique en acier inoxydable multifonctions 5 en 1,119.0,abed shop,2.0,vetement
3 pcs d'organisateur de sous-vêtements pliable multi-grilles,73.0,TORNADO,2.5,vetement
Lc Waikiki Pantalon Jean Basic Slim Fit Baby Girl,179.0,LC WAIKIKI MA,4.7,vetement
Lc Waikiki Pantalon de survêtement basique à taille élastique pour bébé garçon,119.0,LC WAIKIKI MA,4.0,vetement
Adidas Originals Pantalon de Survêtement Rose Femmes,474.0,Adidas Official Store COD,5.0,vetement
String sexy ouvert entre jambe en forme de papillon en dentelle,89.0,SOULTANA,1.0,vetement
"Sac Rangement Sous Vide Aspirateur, Lot de 3 (110 x 80cm) Réutilisable Housse Rangement",95.0,Goalshoppers,5.0,vetement
Etagères Range chaussures Armoire de Rangement Chaussures Et Vêtements,229.0,الصحراء المغربية,3.3,vetement
Koton Short Fille - Rose,59.0,Koton,5.0,vetement
Gaine Amincissante Femme - Noir,159.0,souk shop,5.0,vetement
Lc Waikiki T-shirt Baby Girl à col ras du cou et à manches courtes imprimé,69.0,LC WAIKIKI MA,4.6,vetement
Lc Waikiki Short de bain imprimé à séchage rapide pour garçon,53.0,LC WAIKIKI MA,5.0,vetement
Sweat à capuche Femme avec zippé-Gris-,129.0,firstone shop,3.0,vetement
"5 en 1 Porte-pantalon Cintre en Acier Inoxydable, Cintres Vêtements et serviettes",66.0,marina market,3.7,vetement
Lc Waikiki Pantalon De Jogging Garçon Imprimé Marvel À Taille Élastique,199.0,LC WAIKIKI MA,3.5,vetement
BUTTERFLYsweat à capuche BLANC.,99.0,firstone shop,3.5,vetement
Gaine Amincissante Femme - Noir,99.0,souk shop,5.0,vetement
Koton Tshirt Garçon - Blanc Ecru,89.0,Koton,4.5,vetement
Etagères range chaussures 36 Chaussures 12 Compartiments Suspendre Pour Porte,197.0,الصحراء المغربية,3.3,vetement
"Porte-manteau  3 en 1, banc à chaussures , arbre avec 4 étagère et 6  crochets",149.99,Mahal lkhir,4.8,vetement
Portant Penderie à vêtements Tringle Meuble Porte-Manteau Etagère Avec Roulettes Pour Chaussures NOIR,399.0,PROMOZONE,4.6,vetement
"Etagères décoratives 80*20cm ,Etagère Murale blanc",189.0,Fath Shopping,4.0,maison
étagères Murale en Bois (2pcs),175.0,décore cnc,3.8,maison
Étagères Et Niche Avec Séparateurs En Mdf Pour Chambre/Salon/Salle De Bain.,189.0,décore bois,5.0,maison
Cuisine kitchen mural en bois pour la cuisine avec 4 bouton crochet,129.0,Fath Shopping,5.0,maison
"cache compteur décoratif , boîte de compteur électrique, décoration murale",149.0,decochoix,5.0,maison
"Etagère Murale, Etagères décoratives noir 80*20cm",179.0,Fath Shopping,4.0,maison
Boite en bois Multi-usages perforées à la décoration marocaine ARABESQUE,49.0,Women Fashion,3.0,maison
pack trois étagères décorative,119.0,just for you,4.0,maison
2 étagères Murale en Bois Moderne,169.0,Wood TATCH,3.0,maison
Cuisine kitchen mural en bois pour la cuisine,29.99,SANIFES,4.0,maison
étagères Murale en Bois Moderne (3pcs),149.0,Fath Shopping,5.0,maison
étagères Murale en Bois (2pcs),189.0,décore bois,3.5,maison
chambre a coucher mural en bois décoration maison,29.99,SANIFES,4.3,maison
"boîte de compteur électrique, cache compteur décoratif",229.0,decochoix,2.0,maison
tableau Mural Décoratifs Anime- Roronoa Zoro - one piece,43.0,Jidardeco market,4.1,maison
"Etagères Murale en Bois, étagère de CD, étagère de Livres, blanc",169.0,Wood TATCH,5.0,maison
2 Boites à mouchoirs la 3eme gratuite  1+1=3,98.2,0007SHOP,3.5,maison
Amira Housse de Protection pour Machine à Laver Automatique,129.0,Bader Shop,4.3,maison
"cache compteur décoratif , boîte de compteur électrique, décoration murale",149.0,decochoix,3.0,maison
"Lot de 3 étagères murales flottantes, étagères murales",188.0,Wood TATCH,1.5,maison
étagères Murale en Bois (2pcs) Noir 60*18*15cm,269.0,newstarshop,5.0,maison
"Etagère Murale, Etagères décoratives bois hêtre",349.0,Fath Shopping,3.5,maison
tableau en toile puzle decoratif  bleu 130/70 cm,179.0,Jidardeco market,4.5,maison
watch noir  Islamique mural en toile  + Montre 2-1 130 x 70 CM,159.0,M.O.S  shop,3.7,maison
étagères Murale en Bois (2pcs) marron 60x25x15 cm,359.0,décore cnc,5.0,maison
"Tableau Mural Luffy  équipe  ""140 cm / 70cm""",139.0,fadlallah chop,4.0,maison
"3 étagères Murale en Bois,étagère de CD,étagère de Livres,Noir",189.0,matjaarokom,3.8,maison
Boite a mouchoirs artisanale en bois,39.99,Women Fashion,4.1,maison
Toilettes mural en bois décoration maison café restaurant by sanifes,199.0,SANIFES,4.7,maison
70 x40  (3) Tableau décoratif mural 3 pièces avec cadres bois de cèdre naturel,197.0,M.O.S  shop,3.0,maison
Tableau moderne plume noir et doré 3 Pièces 130/70 cm,219.0,Market decoration,3.7,maison
Lot de 4 crochets muraux adhésifs double face transparents,49.0,super New,5.0,maison
"Nappe ronde élastique en PVC, transparente et imperméable, Ø 100 à 150 cm, - 0,08 mm -",59.0,DELTAKA SHOP,4.0,maison
12 pcs Autocollant Décor Papillons 3D noir home decore,37.99,Amazona,4.3,maison
tableau decoratif en toile cadre en bois tree gold 130/70 cm,219.0,Market decoration,3.5,maison
"3 cadre décoratif en toile 130/70 cm  papillo,",179.0,Jidardeco market,4.3,maison
Tableau décoratif mural moderne,219.0,Market decoration,3.8,maison
Bois 1920 tableau décoratif en bois frome de arbre noir,49.99,Othmane déco,4.4,maison
"4 Crochets muraux adhésifs double face, Crochets muraux adhésifs transparente",49.0,آشتري ٱلأن,5.0,maison
(Aluminium) 3 Tableaux islamique aluminium doré + 2 farachat,99.0,TORNADO,5.0,maison
Tableaux Decoratif HD Modern Mural Tableau Decoration 99 x 50 CM - Multicolore,169.0,OXFORD,4.0,maison
"Autocollant الله أكبر Allahu Akbar stickers vinyle stick Islamic Muslim islamiques ""H=56cm L=14cm""",35.0,Shopusine,5.0,maison
Nappe de table Rond transparent 150 cm,49.0,Bader Shop,1.0,maison
"Tableau Décoratif, beach 130/70 cm",179.0,decoraction fadlallah,3.4,maison
Tableau Mural  africain women  décoration 5 Pièces 150 cm,188.0,Jidardeco market,4.0,maison
"Stikers cuisine chapeau chef cuisine 30 L x 22,5 H",31.0,Magaztkom,4.3,maison
Tableau Décoratif multicouleur,99.99,ArtMural,3.5,maison
4 Poster Cartonné A5 One Piece Luffy Poster Anime Japonais,35.0,Moroccan Otaku,5.0,maison
02 gris doré  110/70 cm  Tableau Décoration islamique moderne,189.0,fadlallah chop,4.0,maison
Tableau islamique aluminium Sourat al ikhlas 80 cm x 30 cm + Horloge Mural 3D Doré,209.0,TORNADO,4.0,maison
"Tableau Mural décoration marron   ""130 cm / 70cm""",179.0,Jidardeco market,4.0,maison
Decorative 18 Pcs - Pack Stickers Naruto shippuden - Vinyle,27.1,Moroccan Otaku,3.9,maison
Sticker décor mural Salle de Bain $ Noir / 25X10 cm,27.0,SHOPPING STORE,3.5,maison
MAISON pour chats et chiens PREMIUM,269.0,decochoix mdf,3.5,maison
Mona Home Concept Nappe de table + 4 Napperons pour salon 180 cm - Beige,99.0,Bader Shop,3.8,maison
Tableau moderne islamic gris doré  et doré 3 Pièces 130/70 cm,219.0,Market decoration,3.0,maison
Patère du porte 12 crochets en acier inoxydable,35.0,Inzgan 94,3.0,maison
arbre a chats griffoir,480.0,hvndly,4.2,maison
Nappe Transparente Ecologique 0.3 mm en PVC - 140 x 200 cm,139.0,Bader Shop,4.0,maison
Tableau Moderne noir et blanc trois cadre abstré décoratif avec châssis,199.0,Teepub,4.0,maison
Jeu de créative MOSAIC - jouet éducatif 296 PCS,79.9,ejouets.com,3.5,jouet
Jeu de créative mosaic jouet éducatif enfant,75.0,CITYSHOPP,4.3,jouet
Magic Pad- ardoise magique des dessins lumineux,59.0,Jumai shop,3.1,jouet
VOITURE TELECOMMANDEE RC BATMAN AVECNGERS INFINITY WAR 20 CM,115.0,Toys&Kids Maroc,3.7,jouet
"Piano à main en bois pour enfants, xylophone, glockenspiel, piano, instrument de musique jouet pour tout-petit",69.0,Best-Buy,4.7,jouet
"Piano à main en bois pour enfants,jouets amusant facile à apprendre",75.0,ejouets.com,4.2,jouet
Ensemble 3 en 1 Valise du Médecin  : Little Doctor,228.99,CITYSHOPP,4.0,jouet
"Jeu de cuisine moderne fonctionnant sur batterie Lumière et Son, Cuisine complète de poupée",309.0,Lovely Things,5.0,jouet
Bus Télécommande Véhicules -Rouge,299.0,BéBé Land,4.0,jouet
"VOITURE TÉLÉGUIDE CASCADEUR COMMANDE PAR LA MAIN, jouet pour garçon avec lumière",398.0,mon jouet gift,3.3,jouet
"Herbe-aux-chats biologique 100% naturelle de première qualité, 10g",99.98,abdoshop,4.4,jouet
Jouet pour chat Cat Toy 3-Level Tower,95.0,animalux.ma,4.3,jouet
Hélicoptère lumière LED brillante coloré boule de cristal,59.0,Elbshoping,3.0,jouet
"Jeu de cuisine moderne pour filles avec lumière & son Hello Kitty, Jouet amusant",199.0,Lovely Things,3.5,jouet
Jouet laser et lampe pour chats,40.0,AniMall,2.7,jouet
Voiture télécommandée rapide à thème Batman RC rechargeable pour enfants,325.0,mon jouet gift,3.0,jouet
VOITURE TELECOMMANDEE A ROTATION 360 DEGRES DOUBLE FACE STUNT RACING,239.0,mon jouet gift,2.0,jouet
Jeu Cuisine  pour filles et chariot 2 en 1 Kitchen Kids Set (49Piéces ),189.0,CityShop,3.2,jouet
Autre Barbecue avec accessoires - Son et Lumière,399.0,House of Kids,5.0,jouet
Jouet pour chat - canne arc en ciel,59.0,AniMall,4.5,jouet
Cuisine pour enfant,499.0,Uniboy,3.6,jouet
Jouet éducatif Montessori tour des trois colonnes jouet en bois,85.0,Gissa Shop,5.0,jouet
Voiture acrobatique télécommandé avec lumières et musique,179.0,bébéno maroc,3.3,jouet
Voiture télécommandée rapide à thème SPIDER-MAN RC rechargeable pour enfants,368.7,Inzgan 94,5.0,jouet
Pet Love Arbre-Griffoir pour Chats avec Maisonnette,372.0,animalux.ma,5.0,jouet
Set de barbecue 33 pièces valises à barre d'attelage pour barbecue 2 en 1,249.0,MDshop,5.0,jouet
"Piano à main en bois pour enfants,",65.0,ejouets.com,3.5,jouet
Jouet de Cuisine et chariot 2 en 1 Kids Kitchen Set (49 Piéces ),189.0,Gissa Shop,3.5,jouet
AFP Grattoir pour chat avec surface réversible - catnip inside,127.0,animalux.ma,3.0,jouet
Jouet pour chat - bâtonnet vert,49.0,AniMall,2.0,jouet
Jouet pour chat Cat Toy 3-Level Tower,119.0,AGA-PRO,5.0,jouet
Puzzle en bois pour apprendre les alphabets en arabe -Jouet éducatif,80.0,EJORF,5.0,jouet
JEU INTERACTIF MINI TABLE DE FOOTBALL ALL STAR SPORTS,150.0,Toys&Kids Maroc,5.0,jouet
Jeu babybfoot Football Soccer ball 2 joueurs,99.0,ben story,4.7,jouet
Havit Souris gaming backlit Programmable Gaming mouse RGB 6 Buttons 3200 DPI,139.0,GeekOut,4.0,gaming
"Imice Clavier gaming AK-600, Clavier mécanique rétroéclairé RGB, pour PC Gamer",189.0,Top rebajas,3.4,gaming
Xtrike Souris Gamer GM-216 avec 7 Boutons Rétro-éclairés et 3600 DPI,135.0,MDshop,5.0,gaming
G2000 Casque Gaming,199.0,iTSTAR,1.0,gaming
Havit Casque Gaming USB 7.1 DTS Dolby Surround éclairage HV-H2001U,349.0,trending shop,4.0,gaming
Jedel Clavier Silencieux RGB gamer ergonomique rétroéclairés 104 touches multimédias K510 RGB sticker,109.0,LUXANDSHOP,4.0,gaming
Manette de jeu USB contrôleur filaire pour XBOX pour Windows 7 / 8 / 10,179.0,aa@.,4.0,gaming
"Azami Tech Souris Gamer sans fil,rechargeable et silencieuse,Bluetooth éclairage LED RGB+Stickers Gratuit",88.9,amity-1,4.0,gaming
Manette USB pour PC (noir),69.0,Divers accessoires,3.6,gaming
Xtrike Casque Gamer Stéréo HP-307 Avec Microphone Anti Bruit,115.0,Pc Massira,2.0,gaming
Havit Souris gamer de jeu  Gaming mouse RGB 7 Buttons 6 contrepoids,159.0,GeekOut,4.0,gaming
Havit Souris Gamer Optique  6 Buttons 2400 dpi RGB LED,99.49,Keberni shop,4.2,gaming
Logitech K120 Clavier filaire Business Azerty Noir - Neuf,149.0,gamer accessoires,3.8,gaming
Jedel CP-01 4-en-1 LED pack Gaming Combo Clavier Casque Souris et Tapis de Jeu USB Filaire,283.99,Grizzpi Shop,5.0,gaming
Xtrike Casque Gaming 40mm LED RGB avec Micro pour PC/PS4/XBOX HP-307 + Sticker gratuit ( Pro Gamer ),119.0,GeekOut,2.5,gaming
"Onikuma Casque de Gamer avec microphone anti bruit ,compatible pour PS4, Xbox One, téléphones , PC",249.0,Asmamashop,5.0,gaming
Royal Kludge RK84 Hotswappable triple Mode Red Switch Clavier mécanique Gaming,799.0,Gadget Gaming,5.0,gaming
GameYes SOURIS gamer 7 bouton 7200 DPI RGB GAMING MOUSE LED,131.4,Keberni shop,5.0,gaming
Combo Gaming Clavier + Souris USB Filaire RGB Backlighting effect,138.0,Unica,5.0,gaming
Xtrike Pack Combo MK-880KIT avec Souris et Clavier Gamer,245.0,MDshop,5.0,gaming
Meetion Clavier de repose-poignet magnétique RVB pour le jeu GAMING,279.0,Amici.Tecnologia,4.7,gaming
Onikuma casque de jeu PlayStation X4 Microphone à suppression de bruit 40 mm PC/PS4/Mobile - Noir,225.0,WINTECH,4.0,gaming
Xtrike Souris gamer backlit  Programmable Gaming mouse RGB 7 Buttons 7200 DPI GM-215 + Sticker Cadeau ( Pro gamer ),118.9,GeekOut,4.6,gaming
"Imice Souris Gamer  Professional,Optique USB filaire à 7 boutons, pour ordinateur",115.0,Waffir.Ma,5.0,gaming
Thunder X3 PRO AK7 CLAVIER MECANIQUE Gaming Keyboard Anti-ghosting full-key,2090.0,Workstation shop,5.0,gaming
"Rapoo V700RGB - Clavier de jeu mécanique, Filaire, QWERTY, rétroéclairé en alliage LED",599.0,Rapoo,5.0,gaming
Logitech Clavier G213 Prodigy RGB Gaming Keyboard - Black,699.0,PCMAG,5.0,gaming
Onikuma Support  GAMING de casque monté sur casque pour la configuration des joueurs,500.0,Amici.Tecnologia,4.0,gaming
Jedel Souris de jeu USB Jedel Gaming GM1080 7 Bouttons avec rétroéclairage modulaire,128.0,MayarShop.Com,5.0,gaming
Jedel Clavier Gamer  - Clavier USB Gaming LED K503,99.0,CHRILICK,3.3,gaming
"Casque Gaming Gamer Pro ORIGINAL de Haute Qualité, Excellent Son, LED, connecteur Jack double, Port USB - Bleu/Noir",222.0,Mura,4.7,gaming
"Onikuma Casque Gamer RGB  Stereo True Noise Cancellation 7.1 USB, PS4/PC/Xbox Sticker",219.0,amity-1,1.0,gaming
Havit Pack Gaming Complet PRO ALL in ONE ( clavier+souris+casque+tapi) – KB902CM,339.0,TECHNOBRA,3.8,gaming
"Hyperx Pulsefire Haste – Souris de jeu – Ultralégère, 59 g, Coque en nid d’abeille",599.0,shop imax,4.0,gaming
Deep Bass Casque Gamer Sans fil bluetooth Beige casque PC 7.1  son surround Xbox playstation RGB R10 sticker,199.0,GeekOut,5.0,gaming
Onikuma Casques de jeu filaires Gamer K20 avec microphone RGB Light 40mm,199.0,BESTLIFE,4.0,gaming
"Jedel Casque Gaming Gamer Flexible,  Lumière LED Cable USB - Pour PC, PS3, PS4, XBOX - Haute Qualité",145.0,Unicca,3.8,gaming
Onikuma casque de jeu K3 RGB filaire,230.0,Roudani accessoires,4.0,gaming
"Azami Tech Souris  sans fil, rechargeable et silencieuse, Bluetooth éclairage LED RGB+ Stickers",88.99,market place vip,3.0,gaming
"iboga Souris de Jeu Sans Fil,Bluetooth rechargeable avec Éclairage RVB+Sticker cadeau",99.0,amity-1,4.3,gaming
Bk Clavier Gamer Semi Mechanique Feeling,699.0,Imperiumlabo,2.5,gaming
Jedel Kit Clavier et Souris Led De Jeu De Base Jedel GK100 USB Gaming,118.99,Grizzpi Shop,4.8,gaming
Tapis de souris de jeu mousepad gaming  XL pour souris,39.99,Keberni shop,4.5,gaming
PUBG Free Fire Bouttons de Tire - Manette Gamer / Gaming Joystick,34.8,Mura,2.3,gaming
"Onikuma K8 Sound RGB LED Light Gaming Headset avec Microphone pour Mobile, PS4 et PC",219.0,BESTLIFE,5.0,gaming
Jedel Casque Gamer  casque PC avec  son surround antibruit avec micro et lumière RGB GH-248 sticker,179.0,GeekOut,4.0,gaming
"Xtrike Souris Gamer XTRIKE GM-203,",129.0,nejma,3.9,gaming
"Promo Casque Gamer de jeux Flexible, RGB LED, USB, Micro",139.0,Mura,3.7,gaming
"Dml Souris Gaming 1200DPI Optique Capteur, Légère, Rétroéclairage LED RGB + tapis",75.0,bizzar,2.5,gaming
Manette USB pour PC ..Game Controller Joystick Gamepad with USB Cable,79.0,Waffir.Ma,3.8,gaming
Dml Casque Gamer - RVB LED - Bass Stereo - Avec Microphone - Noir,143.99,itek-shop,3.6,gaming
Marvo Souris de jeu backlit Programmable  RGB 6 Buttons 6400 DPI+Casques gaming son surround antibruit,335.0,Keberni shop,5.0,gaming
THE G LAB Kult Helium Souris Gamer Filaire USB -Capteur Optique 800 à 3200 DPI-,299.0,NajShop,5.0,gaming
"Palette de maquillage, Tout-en-un kit 33 Couleurs",69.0,rada,3.7,cosmetic
"Miroir de Poche double Faces, Miroir Compact Grossissant, Miroir de Maquillage",32.0,Lovely Things,5.0,cosmetic
"13 pièces Set de pinceaux à maquillag,sac de rangement,1 éponge de maquillage",90.0,Mayam Store,4.0,cosmetic
Merry Eyeshadow Palette 9 colors professional make up 03,39.0,SUPER STAY,5.0,cosmetic
Large LED Mirroir مرآة المكياج المضيئة,139.0,AZNAG SHOP,4.0,cosmetic
Autocollant de tatouage temporaire sexy flamme coeur fleur soirée unique,39.0,SOULTANA,5.0,cosmetic
Handmade Pack 3 trousses de maquillage bleue,55.0,Lila Delune,3.8,cosmetic
"Nouveau ,Traceur de Précision Pour Sourcils eyebrow pen liquid",49.99,Super Mercato,3.1,cosmetic
Pack de  2 pcs - Sac à cosmétiques Transparent(Rond),67.73,JELLYFISH,4.8,cosmetic
4 pièces Motif Lot de pinceaux de maquillage Fond teint Blush poudre multicolor,59.99,super mercado,5.0,cosmetic
Set ensemble 10 pinceaux maquillage make up pour visage professionel en rose,96.99,Bengaiou shop,5.0,cosmetic
10 pièces Marbre pinceaux de maquillage make up excellente qualite,79.99,Super Mercato,4.0,cosmetic
Tatouage sêxy papillon pour femmes - Coloré,49.0,SOULTANA,4.5,cosmetic
Dodo Girl Palette 12 colors matte eyeshadow makeup professional dodo girl,45.0,SUPER STAY,3.2,cosmetic
Tatouage femme sexy rose autocollant sur taille soirée unique,59.0,SOULTANA,4.0,cosmetic
Real Techniques Blush Brush Multilingual,99.0,Best Beauty,2.0,cosmetic
Rude Cosmetics Whatever Forever - 18 Eyeshadow Palette,135.0,Best Beauty,5.0,cosmetic
"Sac de maquillage Portable de grande capacité, sac à cosmétiques de voyage en cuir",79.0,BasicBeauty,2.5,cosmetic
"Miroir de maquillage pliant et suspendu, Forme ronde, Double face",45.0,Lovely Things,5.0,cosmetic
2 Pièce Trousse transparente maquillage,52.0,JELLYFISH,4.5,cosmetic
120 pcs Autocollants invisibles de bande de double yeux de paupière invisible,85.0,arije store,4.0,cosmetic
"Sac de rangement de maquillage cosmétique, sac de rangement de voyage",65.0,Agro shop,3.0,cosmetic
Meidu Peinture pour Visage - 6 Couleur pour le visage et le Corp - Peinture fête Halloween + pinceau,49.0,Boutique VPC,2.0,cosmetic
4 pièces Marbre pinceaux de maquillage poissons make up excellente qualite,59.99,Super Mercato,2.0,cosmetic
Tatouage oiseaux noir sexy autocollant pour homme et femme,49.0,SOULTANA,4.5,cosmetic
Microblading stylo & Crayon à Sourcils Imperméable à l'eau & Longue Durée HIGHT QUALITY,64.0,mega-express,3.3,cosmetic
Golden Rose Gloss Soft and Matte Creamy LipColor N°: 109,99.99,Fee Toi Belle,1.0,cosmetic
Essence The Nude Edition Eyeshadow Palette 10 Pretty In Nude,100.99,Bouchra-shopping,5.0,cosmetic
Tatouage Temporaire Imperméable fleur dos poitrine Lombes pour femmes et filles,83.0,Mr Tatou,4.0,cosmetic
"Sac de rangement de toilette pour voyage pour femmes,",64.0,Valsento shop,5.0,cosmetic
Faux tatouages autocollants temporaires à la main Visage de loup imperméables,55.0,Mr Tatou,4.0,cosmetic
"Color Kit de mise en forme de sourcils, Marron clair, pochoir pour sourcils",52.19,آشتري ٱلأن,5.0,cosmetic
Any Lady 2 in1 Eyebrow Gel Waterproof Powder Eye Brow  With Brush Eyebrow Enhancers,49.0,SUPER STAY,4.5,cosmetic
Set ensemble 10 pinceaux maquillage make up pour visage professionel en rose,95.99,Waffra,5.0,cosmetic
Lampes de miroir de courtoisie avec 10 ampoules LED à intensité variable,118.0,KO Shopping,5.0,cosmetic
Tatouage autocollant noir infini dessin d'art à la main,59.0,SOULTANA,5.0,cosmetic
Tatouage pour femmes sexy magique autocollant waterproof,39.0,SOULTANA,1.0,cosmetic
Technic Ultra fine micro Brow pensil Blonde,35.0,Best Beauty,3.3,cosmetic
Tatouage femme fleur sexy autocollant corps soirée unique,49.0,SOULTANA,2.3,cosmetic
Tatouages pour femmes sexy autocollant plage pied dos art corps  - 21cm,69.0,SOULTANA,3.8,cosmetic
Sac Cosmétique de Voyage 2 Pièces (Moyen),49.3,ADZA,4.7,cosmetic
"Palette de maquillage,4 en1 Collection.",37.0,Pack accessory shop,3.8,cosmetic
4 Pièces/Lot Tatouage temporaire sous forme battement de cœur,39.0,Best deals 1,4.4,cosmetic
Pack de  3 pcs - Sacs à cosmétiques Transparent en PVC,87.5,JELLYFISH,3.8,cosmetic
Hemani Henné Naturel en Tube - Rouge,24.2,STE HERBO IDRISSI,2.8,cosmetic
Handmade Pack 3 trousses de maquillage bleue,59.0,Agro shop,5.0,cosmetic
BROW Stamp pour sourcil naturel Tampon a sourcils - Brow Stamp avec Pochoirs,59.0,Luxe_1,5.0,cosmetic
Imperméable à l'eau temporaire autocollant faux tatouage flash manchon de tatouage pour hommes femmes,94.0,TOUMOBILTI.MA,5.0,cosmetic
"Sac de rangement de toilette pour voyage pour femmes, sac cosmétique imperméable en pvc",135.0,Valsento shop,5.0,cosmetic
Tatouage couple amoure motif love tatto noir de haute qualité,49.0,SOULTANA,5.0,cosmetic
Ampoule LED Mirror Light Vanity Mirror Kit d'ampoules de phares (10 ampoules),139.0,آشتري ٱلأن,4.5,cosmetic
10 pièces Marbre pinceaux de maquillage make up excellente qualite,75.99,Super Mercato,1.0,cosmetic
8 types de carte de muguet pour sourcil débutant outil d'aide au muguet détachable règle de sourcil carte de sourcil de poche,79.0,TOUMOBILTI.MA,3.2,cosmetic
Lc Waikiki Pantalon basique pour bébé garçon,159.0,LC WAIKIKI MA,3.0,vetement
Koton Tshirt Garçon - Gris,109.0,Koton,3.8,vetement
Lc Waikiki Chemise basique à manches longues pour bébé garçon,139.0,LC WAIKIKI MA,3.7,vetement
4 Tier Shoe J Tower Rack Storage Box Space Saving Organizer,58.49,آشتري ٱلأن,3.5,vetement
Boîte de rangement pliable pour vêtements,149.0,super New,4.5,vetement
Lc Waikiki Bas de survêtement pour bébé garçon imprimé Mickey Mouse avec taille élastique,179.0,LC WAIKIKI MA,3.8,vetement
Lc Waikiki Polo Neck Basic Short Sleeve Boy T-Shirt,99.0,LC WAIKIKI MA,4.0,vetement
Koton Tshirt Garçon - Vert,79.0,Koton,3.4,vetement
Koton Tshirt Fille - Noir,109.0,Koton,4.7,vetement
Porte étagère à chaussures à 4 niveaux,149.0,Citybayti90,5.0,vetement
Koton Tshirt Femme - Kaki,69.0,Koton,4.7,vetement
Lc Waikiki Pantalon de survêtement basique pour bébé fille à taille élastique,99.0,LC WAIKIKI MA,4.5,vetement
Lc Waikiki Pantalon de survêtement imprimé à taille élastique pour bébé garçon,129.0,LC WAIKIKI MA,4.7,vetement
Lc Waikiki Pantalon de survêtement de base à taille élastique pour garçon,159.0,LC WAIKIKI MA,4.6,vetement
Adidas Pantalon Essentials 3 Bandes Noir Hommes,345.0,Adidas Official Store COD,3.6,vetement
Koton VESTE ANORAK POUR GARÇON - ORANGE,249.0,Koton,4.7,vetement
Ikea Pack de 40 cintres noirs standards,199.99,fidelshop,4.9,vetement
Lc Waikiki Pantalon de jogging basique taille élastique pour garçon,159.0,LC WAIKIKI MA,5.0,vetement
Mara Sho chemise de nuit  en soie courte pour femme,149.0,WOOW SHOP,5.0,vetement
Hcx Jolie armoire de vêtements grande taille 170×45×170 cm,349.0,Sofyal,4.0,vetement
"Rasoir électrique pour vêtements, rasoir pour peluches,rideaux, tapis, vêtements",89.0,Arabi shop,4.7,vetement
10 pcs Cintre en acier inoxydable porte-vêtement,27.0,ben story,4.4,vetement
Lc Waikiki Ensemble de pyjama court à manches courtes et col rond pour femmes,100.0,LC WAIKIKI MA,5.0,vetement
Lc Waikiki Sweat-shirt à manches longues pour fille à col rond,70.0,LC WAIKIKI MA,5.0,vetement
Koton Tshirt Femme - Noir,74.0,Koton,4.0,vetement
"5 en 1 Porte-pantalon Cintre en Acier Inoxydable, Cintres Vêtements et serviettes",56.9,belleshop,2.3,vetement
"Meuble Étagère 4 étages , Meuble de rangement de qualité",199.0,ALPHASTORE,5.0,vetement
"Support de séchage , support de rangement avec cintre  d'intérieur",129.0,الصحراء المغربية,1.0,vetement
"5 en 1 Cintre pantalon en acier, porte-pantalon et vêtements",56.9,fhd,3.2,vetement
Adidas Originals T-shirt Trefoil Noir Enfants,206.0,Adidas Official Store COD,5.0,vetement
Koton Short Garçon - Noir,129.0,Koton,4.3,vetement
"Porte-vêtements à Double pôle, Porte-manteau au sol Avec Roues, 4 crochets et 2 étagères",399.0,Enissay,3.5,vetement
Dice pack de 2 Women Cotton Underwear PP/L,29.0,Dice Maroc,4.4,vetement
"Sac de rangement pour vêtements de voyage, 6 pièces",99.0,AY Shop,5.0,vetement
Koton Sweatshirts garçon gris,99.0,Koton,4.5,vetement
SHEIN Strings culotte sexy avec dentelle pack de 5 Pcs,89.99,HC STORE,3.9,vetement
Koton Pantalon de jogging femme noir,149.0,Koton,3.3,vetement
Lc Waikiki Robe bébé fille à col ras  et manches longues,199.0,LC WAIKIKI MA,4.6,vetement
Koton T-SHIRT Garçons  - ROSE,89.0,Koton,3.0,vetement
Koton Haut Garçon - Gris,109.0,Koton,3.0,vetement
Déguisement classique Ladybug Miraculous + Perruque,145.0,Yassir store,4.5,vetement
"Rangement des Chaussures à 10 étagères Organisatrices et Économie de l’espace,",89.0,FODEN SHOP,3.8,vetement
ensemble survêtement homme,179.0,black friday shop,4.0,vetement
m&c Sous vêtement anti-transpirant 100% Coton,65.0,M&C Boutique,3.2,vetement
m&c Boxer Coton Noir,39.0,M&C Boutique,3.9,vetement
Survêtement TOP 2023 Ensemble 2 Pièces Hommes GRIS,129.0,mode 99,3.8,vetement
"Éliminateur de charpie, anti peluches électrique pour vêtements USB Rechargeable",87.0,fhd,3.5,vetement
Lc Waikiki Pyjama en satin à bretelles et col en V pour femme,212.0,LC WAIKIKI MA,4.0,vetement
Ensemble short/tshirt noir femme/homme haute qualité,129.0,top-clothing,5.0,vetement
Lc Waikiki Pantalon de survêtement imprimé à taille élastique pour bébé garçon,149.0,LC WAIKIKI MA,4.8,vetement
Lc Waikiki Culotte de bikini en dentelle,35.0,LC WAIKIKI MA,4.0,vetement
Ikea Sac rangement et organisation blanc / 6 pièces,189.0,fidelshop,4.6,vetement
Sac de Rangement vêtements Voyage Pliable et léger grande capacité pour Femmes,145.0,Bouha shop,4.3,vetement
12 sacs de rangement sous vide pour économiser de l'espace de 4 tailles,179.0,Future Elec,5.0,vetement
Brosse et pok Avec 10 sacs de rangement sous vide pour économiser de l'espace de 4 tailles,179.0,Dolce vita,4.2,vetement
Koton Boxer homme noir,79.0,Koton,2.5,vetement
ensemble hoodie et pantalon rouge foncé,169.0,firstone shop,3.3,vetement
survêtement blanc femme 2022,149.0,next2,3.5,vetement
Adidas Maillot de Football Tiro19 Rouge Hommes,288.0,Adidas Official Store COD,5.0,vetement
Koton PULL MAILLE POUR FILLE - GRIS,99.0,Koton,5.0,vetement
"6 pièces Sac d'emballage de voyage à lettres, sacs de rangement, valise",99.0,ALPHASTORE,4.0,vetement
Sexy Chemise de Nuit Femmes Transparent robe de nuit en dentelle,95.0,Casa Mall,3.8,vetement
Sexy Lingerie Chemise de Nuit En cuir Noir Avec Des ceinture Rose,99.0,Casa Mall,2.7,vetement
Women Secret Pyjama femme polaire,299.0,Chic classe et pas cher market,5.0,vetement
Koton PANTALON JOGGING POUR GARÇON - MOTIFS NOIRS,99.0,Koton,3.0,vetement
Lc Waikiki Col rond imprimé bébé garçon Hospital Outlet Lot de 3,199.0,LC WAIKIKI MA,4.0,vetement
Sac de rangement pour voyage valise Travel Bag - 6 Pcs,119.0,ALPHASTORE,5.0,vetement
Pack de 6 housses de vêtements emballage organisateur de bagages sacs de voyage,99.0,Agro shop,5.0,vetement
Porte-vêtement Étagère De Placard Support De Canne Et Chaussures Cintre BLANC,479.0,الصحراء المغربية,3.0,vetement
Survêtement gris sweatshirt/pantalon simple unisex femme/homme haute qualité,179.0,FASHIONINOS,3.0,vetement
"Sticker motivation, push yourself 30x90 cm",85.0,SHOPPING STORE,3.0,maison
"Sticker décor réfrigérateur,  Tasse & café",30.0,SHOPPING STORE,2.3,maison
Sticker citation une journée sans rire - Charlie Chaplin 50/60cm,65.0,ezzakraouy,4.5,maison
2 Stickers muraux 20x14 cm Personnage One Piece Chopper WANTED ZORO et LUFFY,22.0,Moroccan Otaku,3.5,maison
Etagère Murale blanc Etagères décoratives 80*20cm,189.0,décore bois,5.0,maison
tableau  décoratif de 3 morceau plante  fleur bleu 1.30 m,199.0,Jidardeco market,5.0,maison
Tableau décoratif mural 3 pièces avec cadres bois de cèdre naturel,155.0,Market decoration,3.0,maison
plume  Tableau Mural  en toile décoration 3 Pièces 140 cm/70cm,189.0,Jidardeco market,3.0,maison
"Tableau décoratif ,LOVE ET PAPILLON, en bois",49.0,woodhouse.ma,2.0,maison
30 quotations and keywords Stickers Vintage Junk Journal Ephemera Stickers Decorative DIY Diary oldy style,59.0,Moroccan Otaku,1.0,maison
Tableaux aya vert doré 130 /70 cm,189.0,Jidardeco market,5.0,maison
noir et blanc trois cadre abstré décoratif  avec châssis,198.0,Pub Deco,3.0,maison
Artistique Tableau 3 m vert   mural imprimé en haute définition sur toile,177.0,decoraction fadlallah,3.8,maison
Nappe Ronde 180 cm + 8 Serviettes - Beige,99.0,Sofyal,3.6,maison
Nappe Transparente Ecologique 2 mm en PVC - 140 x 150 cm,419.0,Bader Shop,4.0,maison
"Tableau décoratif ,use it, en boise 50*30",199.0,woodhouse.ma,4.5,maison
Lot de 12 Crochet mural auto-adhésif transparent pas de perçage,129.0,آشتري ٱلأن,5.0,maison
tableau Mural Décoratifs japanese cat art prints,60.0,Jidardeco market,4.2,maison
Nappe Transparente Ecologique 0.3 mm en PVC - 140 x 250 cm,159.0,Bader Shop,4.0,maison
One piece anime supernova Tableaux autocaulant décor chambre,29.0,AMIX,1.0,maison
Lot de 10 crochets pour tableaux - Spécial Béton - Crochet x plastique - 3cm -,79.0,iblseep,3.8,maison
tableau Mural Décoratifs anime attack on titan,50.0,Jidardeco market,3.9,maison
"Tableau décoratif ,coffee, en boise (Dim 30*30)",69.0,woodhouse.ma,5.0,maison
"Tableau décoratif mural  3 pièces.""Magie brune""",158.0,Market decoration,3.5,maison
mauve Tableau décoratif mural 5 pièces avec cadres bois de cèdre naturel,230.0,Jidardeco market,5.0,maison
arbre a chats,310.0,hvndly,5.0,maison
"TABLEAU MURAL auto  ""140 cm / 70cm""",155.0,M.O.S  shop,3.0,maison
Toilettes mural en bois décoration maison bureau café,29.99,SANIFES,5.0,maison
Tableau Mural Décoratifs Graphic imprimé- Football - Real Madrid CF,68.0,AGHA,3.2,maison
Tableau Mural Personnages Anime 140 cm/70cm,169.0,decoraction fadlallah,4.0,maison
Tableau Déco –   Asmaa Allah Al Hosna 50/70 cm,159.0,Market decoration,3.0,maison
Tableau Islamique décoration 3 Pièces,199.0,Teepub,5.0,maison
"Stikers gaming loading  30 L x 7,5 H",33.0,Magaztkom,5.0,maison
Tableau Mural Décoratifs Graphic imprimé- Football - FC Barcelona,68.0,AGHA,5.0,maison
Tableau décoratif mural trois pièces,155.0,Market decoration,3.0,maison
"Organisateur Mural, Porte-balai et multi-usages, peu encombrant",59.0,آشتري ٱلأن,5.0,maison
chiic Tableau Mural  en toile  décoration 3 Pièces 145 cm/70cm,189.0,Jidardeco market,5.0,maison
3 tableaux islamique alumnuim doré Sourat al ikhlas +alfalaq +alnas 1.20/60 + farachat,149.0,TORNADO,2.3,maison
Stikers autocollant frigo cuisine cuisine 28 L  x 45  H,36.0,Magaztkom,3.7,maison
Tableau Décoratif art multicouleur,129.99,DecorArt,3.0,maison
Tableau décoratif mural 2 pièces avec cadres bois de cèdre naturel,155.0,Market decoration,5.0,maison
Art Mural décoration de la maison fille chambre salon résistant à la moisissure,79.0,Amazona,3.9,maison
Tableau Mural  cheval marron  décoration 5 Pièces 140 cm/70cm,169.0,Jidardeco market,5.0,maison
"Porte-manteau, Range-manteau avec étagère pour entrée",299.0,LABO33,2.0,maison
Porte Balais mural a 5 Compartiments + 6 Crochets -Gris,59.0,MAJDGYM,4.0,maison
tableau  décoratif de 3 morceau  fleur bleu 1.30 m,189.0,Jidardeco market,5.0,maison
tableau mural expressif,150.0,LAW7A لوحة,5.0,maison
"Sticker Tajine déco , Noir/ 28x30 cm",45.0,SHOPPING STORE,4.5,maison
Tableaux Decoratif HD Modern Mural Tableau Decoration 99 x 50 CM - Multicolore,169.0,OXFORD,4.5,maison
"25 stickers Autocollants de graffitis pour enfants, etiquette mystique, Anime, Debouillet bandeau,",49.0,AMIX,4.3,maison
Tableau islamique aluminium ( Fasaykfikahomo lah ) doré 120 cm x 40 cm,169.0,Citybayti90,5.0,maison
"Tableau décoratif ,coffee, en boise (Dim 20*20)",99.0,woodhouse.ma,5.0,maison
01 Tableau Mural plume  abstract 130/70 en toile,220.0,Market decoration,3.3,maison
Magnifique Présentoir de Décoration Doré avec Miroir,49.0,COOLSHIKA,4.0,maison
Tableau art Abstrait MACHAA ALLAH (100 x 70 cm),159.0,Jidardeco market,5.0,maison
Tableau Islamique Calligraphie 110/70 cm,199.0,Jidardeco market,3.0,maison
12 Papillon 3D Noir Décor À La Maison,38.9,Amazona,4.2,maison
Nappe Transparente Ecologique en PVC Rectangulaire - 140 x 300 cm,419.0,Bader Shop,3.3,maison
Sticker décor mural Salle de Bain $ Noir / 40X16 cm,42.0,SHOPPING STORE,3.0,maison
Sticker Game zone  Noir/ 59 x 19 cm,45.0,SHOPPING STORE,5.0,maison
12 Pcs/Set 3D Stickers Muraux Miroir Papillon Pour Décoration Couleur Gold,89.0,Best deals 1,4.0,maison
Tableau Mural Décoratifs Graphic imprimé- FILMES-SERIES -The Godfather collage,68.0,AGHA,1.0,maison
"Tableau encadré décoratif, Peinture abstraite des fleurs à prix réduit au Maroc",238.0,yassmine art,4.5,maison
Tableau islamique  dore noir décoration 3 Pièces 140 cm/70cm,230.0,Jidardeco market,3.0,maison
Etendoir Séchoir ligne  Automatique pour vêtement 3m CORDE À LINGE RÉTRACTABLE,149.0,AZUR,3.8,maison
"Sticker 2 oiseaux mignons , Noir/ 24X17 cm",35.0,SHOPPING STORE,2.0,maison
One piece zoro Tableaux autocaulan décor chambre,29.0,AMIX,1.0,maison
Autocollant WiFi réinscriptible compte d'écriture et mot de passe Wi-Fi,39.0,Ben accessorize,3.0,maison
Tableau Mural love watch  chambre a coucher  décoration 5 Pièces 140 cm/70cm,220.0,Market decoration,3.6,maison
Tableau moderne ayat mauve et doré 3 Pièces 130/70 cm,230.0,Market decoration,3.9,maison
Sticker One Piece Luffy and ace poster Autocollant Poster A4 Anime Japonais Manga décoration,29.0,Moroccan Otaku,2.0,maison
19Pcs Tim Holtz Style Life Motto Junk Journal Ephemera Vintage Stickers Retro Phrase Label Album,59.0,Moroccan Otaku,2.5,maison
tableau décoratif pour les cafés et les cuisines,99.99,ArtMural,5.0,maison
Cuisine kitchen mural en bois pour la cuisine,44.0,Beaubois,4.1,maison
"Sticker mural palmier / Noir,37X50 cm",49.0,SHOPPING STORE,4.5,maison
2 Stickers muraux Personnage NARUTO Autocollant Poster de décoration A5 affiche Anime Japonais Manga,24.2,Moroccan Otaku,3.7,maison
"Boîte de rangement en bois pour dent de lait de bébé,boîtier de collecte des dents avec inscription en français",200.0,Shamalo,5.0,jouet
Balle en mousse pour chat avec plume,40.0,AniMall,3.0,jouet
Balle pour chat avec plume -  jouets roulant,40.0,AniMall,4.0,jouet
Balancier Montessori acrobate,139.0,m.boutique,4.0,jouet
Cuisine pour enfants avec Chef Kitchen eau 49 objets ,429.0,Anassshopping,1.0,jouet
Jeu de Cuisine Little Chef - Ensemble de jeu de Cuisine 3 en 1 - Jeu Cuisines pour enfants,299.0,Kelima,4.0,jouet
Jouet de Cuisine Little Chef - Ensemble de jeu de Cuisine 3 en 1,215.0,CITYSHOPP,4.3,jouet
Kit 43 pièces cuisine pour petits chefs - Jouer a volonté,195.0,Gissa Shop,5.0,jouet
Ensemble de jeu de Cuisine -  kitchen cooking set - 34 Pièces,279.0,nejma,4.0,jouet
